"","X1","X2","intercept.M.vs.rest","coeff.M.vs.rest","pVal.M.vs.rest","pValHolm.M.vs.rest","qValBH.M.vs.rest","notMiss1.M.vs.rest","notMiss0.M.vs.rest"
"VWF_P04275","P04275","VWF",21.5403379884408,1.00573466593507,1.22482571924708e-08,3.29478118477464e-06,3.29478118477464e-06,19,40
"FCGBP_Q9Y6R7","Q9Y6R7","FCGBP",20.3635116949037,1.74146271174716,4.45853926854696e-08,1.19488852397059e-05,5.99673531619566e-06,19,40
"KLKB1_P03952","P03952","KLKB1",24.1780646169926,-0.735129139898946,4.66930862948934e-07,0.000124670540407365,4.18681340444211e-05,19,40
"CETP_P11597","P11597","CETP",20.4313849109883,-1.15360794413391,7.11456360755277e-07,0.000189247391960904,4.78454402607924e-05,19,40
"SERPINA3_P01011","P01011","SERPINA3",28.3130344293302,0.945309667199896,2.28909169625429e-06,0.000606609299507387,0.000123153133258481,19,40
"SPP2_Q13103","Q13103","SPP2",20.4881000310277,-1.6143940008586,7.47849159476835e-06,0.00197432178101884,0.000335285706498781,17,40
"IGF2R_P11717","P11717","IGF2R",22.9432166755081,0.456985729736965,9.90637082783035e-06,0.00260537552771938,0.000380687678955195,19,37
"PGLYRP2_Q96PD5","Q96PD5","PGLYRP2",23.9781533824914,-0.791606959236637,1.41048889265171e-05,0.00369548089874748,0.00039701395583891,19,40
"SERPINA5_P05154","P05154","SERPINA5",21.7927541163355,-1.00366197191324,1.47295665344759e-05,0.00384441686549822,0.00039701395583891,19,40
"VCAM1_P19320","P19320","VCAM1",19.5041120172064,0.698147801526165,1.47588831166881e-05,0.00384441686549822,0.00039701395583891,19,40
"SERPINA6_P08185","P08185","SERPINA6",24.2663149243153,-0.403378929131703,1.8743420308853e-05,0.00485454585999293,0.000453413566119828,19,40
"SERPIND1_P05546","P05546","SERPIND1",25.838392833088,-0.624817065500083,2.22687671447002e-05,0.00574534192333265,0.000453413566119828,19,40
"ECM1_Q16610;Q16610-4","Q16610;Q16610-4","ECM1",21.2487657007233,-0.703359944341239,2.43222292716526e-05,0.00625081292281471,0.000453413566119828,19,40
"MMRN1_Q13201","Q13201","MMRN1",18.8477586105407,-1.17290899376984,2.47424597103655e-05,0.00633406968585358,0.000453413566119828,18,39
"GC_P02774;P02774-3","P02774;P02774-3","GC",26.7983425512011,-0.405261696049064,2.57944493710573e-05,0.0065775845896196,0.000453413566119828,19,40
"SERPINA7_P05543","P05543","SERPINA7",22.3151511816164,-0.522561286036276,2.69688366465325e-05,0.00685008450821925,0.000453413566119828,19,40
"ITIH2_P19823","P19823","ITIH2",26.1241096087256,-0.853747738776423,2.88117496880176e-05,0.00728937267106846,0.00045590356859275,19,40
"THBS1_P07996","P07996","THBS1",22.6942464603028,-1.30452843148226,3.77507978791e-05,0.00951320106553319,0.000564164701637661,19,40
"ITIH1_P19827","P19827","ITIH1",24.9234079318199,-0.730106609306557,4.15056661278979e-05,0.0104179221981024,0.000587632852021291,19,40
"F11_P03951","P03951","F11",21.512204757631,-0.47337624712077,5.4581567747988e-05,0.013645391936997,0.000734122086210438,19,40
"APOA1_P02647","P02647","APOA1",29.070393815273,-0.793029573913343,6.07865236072949e-05,0.0151358443782164,0.000778646421445825,19,40
"F13B_P05160","P05160","F13B",21.5847141331073,-0.504145461526869,8.20035131449942e-05,0.0203368712599586,0.000966720280253909,19,40
"CFL1_P23528","P23528","CFL1",20.3011890696226,-1.41696230316232,8.26563808395536e-05,0.0204161260673697,0.000966720280253909,18,37
"SERPINC1_P01008","P01008","SERPINC1",26.2025988610994,-0.333694322093547,9.37613208678648e-05,0.0230652849334947,0.00105090813806065,19,40
"BCHE_P06276","P06276","BCHE",21.8034303541429,-0.700183902521395,0.000110743197076215,0.0271320832836727,0.00119159680054008,19,40
"PF4_P02776","P02776","PF4",21.3984938373057,-1.1781549071371,0.000116757198083814,0.0284887563324506,0.001207987934021,18,40
"LYVE1_Q9Y5Y7","Q9Y5Y7","LYVE1",19.2111072787533,0.768672115076892,0.00015072942878603,0.0366272511950054,0.00141317140922094,19,37
"GPX3_P22352","P22352","GPX3",22.4185176891463,0.42590936459897,0.000151670058938374,0.0367041542630865,0.00141317140922094,19,40
"ATRN_O75882-2","O75882-2","ATRN",22.482214237888,-0.536711967682078,0.000154250890205491,0.0371744645395233,0.00141317140922094,19,40
"A2M_P01023","P01023","A2M",30.0082884915417,-0.464110080523295,0.00015760275939267,0.0378246622542407,0.00141317140922094,19,40
"PLG_P00747","P00747","PLG",26.5365477238179,-0.436823059153475,0.000193364631856696,0.0462141470137504,0.00167790599901456,19,40
"HRG_P04196","P04196","HRG",25.319830598857,-0.710452783240856,0.000204391900746388,0.0486452723776402,0.00171816941564932,19,40
"FETUB_Q9UGM5","Q9UGM5","FETUB",21.8632018942816,-0.845316545591916,0.000231474368894224,0.0548594254279312,0.00188686682522868,19,40
"KNG1_P01042-2","P01042-2","KNG1",26.8047466338115,-0.306858606356454,0.000290316204751846,0.0685146243214356,0.00226054733933703,19,40
"CAMP_P49913","P49913","CAMP",20.1871870136092,-1.08719874587665,0.000301534217755697,0.0708605411725889,0.00226054733933703,17,40
"GPLD1_P80108","P80108","GPLD1",21.0417405926042,-1.05374540048721,0.000302679756116661,0.0708605411725889,0.00226054733933703,19,40
"C8B_P07358","P07358","C8B",23.162380965983,-0.499839475421596,0.000310930303180187,0.0724467606409835,0.00226054733933703,19,40
"LBP_P18428","P18428","LBP",21.8524765190193,1.04724312934358,0.000355557399468858,0.082489316676775,0.0025169721172927,19,40
"C8A_P07357","P07357","C8A",24.0428667633185,-0.438759649327029,0.000397278398301031,0.0917713100075381,0.00269602595105453,19,40
"IGFALS_P35858;P35858-2","P35858;P35858-2","IGFALS",22.4463058037676,-1.05997536277368,0.000400896052201417,0.0922060920063258,0.00269602595105453,19,40
"PPBP_P02775","P02775","PPBP",23.1060363485286,-1.10532762378645,0.000520320149267542,0.119153314182267,0.00341380780860899,19,40
"PFN1_P07737","P07737","PFN1",21.5350673243565,-1.44784259379193,0.000572276859947938,0.13047912406813,0.00366529703157132,19,39
"GSN_P06396","P06396","GSN",24.4851800813791,-0.54328472295463,0.000610617663237523,0.138610209554918,0.00381991049792776,19,40
"APOM_O95445","O95445","APOM",21.9799111208678,-0.924440455507149,0.000684809772716889,0.154767008634017,0.00417101117248049,19,40
"QSOX1_O00391","O00391","QSOX1",20.5804386861629,0.445418924600416,0.000697752798370342,0.156994379633327,0.00417101117248049,19,40
"TNC_P24821;P24821-4","P24821;P24821-4","TNC",18.4067305960518,0.652627845446138,0.000731197270359019,0.16378818856042,0.00427591447231687,18,39
"PON1_P27169","P27169","PON1",24.5119844975524,-0.70343880859163,0.000773654373533523,0.172524925297976,0.00442793673362804,19,40
"FN1_P02751-1;P02751-3","P02751-1;P02751-3","FN1",23.9579102920146,-1.03589555300201,0.000834525572468439,0.185264677087993,0.00467682039570854,19,40
"PVR_P15151-3","P15151-3","PVR",17.8950207750782,0.455477637084305,0.000856904485262859,0.189375891243092,0.00470423074562672,19,38
"APOC1_P02654","P02654","APOC1",21.1680044042002,-0.73265959388693,0.00102999269391679,0.226598392661695,0.00554136069327236,19,40
"A1BG_P04217","P04217","A1BG",26.8148386083301,-0.308135748766913,0.0011490659286493,0.251645438374197,0.00606075950601298,19,40
"THBS4_P35443","P35443","THBS4",19.1024850645659,0.752466137228265,0.00134393468382703,0.292977761074293,0.00695227749902831,18,39
"CFH_P08603","P08603","CFH",25.9747925986061,-0.307119113014698,0.00142075161412699,0.308303100265557,0.00721098460755019,19,40
"C6_P13671","P13671","C6",23.8070788645453,-0.319243972335872,0.00147938867536987,0.319547953879892,0.00736954729026843,19,40
"AMBP_P02760","P02760","AMBP",26.4335499291934,-0.300821332258532,0.00166717057804723,0.358441674280153,0.00815397973626734,19,40
"AFM_P43652","P43652","AFM",24.6412417513057,-0.572899483805785,0.0017537968771252,0.375312531704793,0.00842448857047641,19,40
"APOA2_P02652","P02652","APOA2",20.3104357639338,-0.66910998739964,0.00182210519840581,0.388108407260437,0.00859905786616075,19,40
"AHSG_P02765","P02765","AHSG",26.0993565138943,-0.605755526596469,0.00194777469110774,0.41292823451484,0.00891983185939328,19,40
"CRISP3_P54108;P54108-2;P54108-3","P54108;P54108-2;P54108-3","CRISP3",19.6009226256905,-0.54322028591429,0.00195639434834276,0.41292823451484,0.00891983185939328,19,40
"CST3_P01034","P01034","CST3",19.788415601415,0.428804142962704,0.0027479468211964,0.577068832451244,0.0123199615816972,19,38
"RAP1B_P61224","P61224","RAP1B",20.3561298222455,-1.10132580028216,0.00294122123838093,0.614715238821615,0.0129703034938438,19,40
"C1QB_P02746","P02746","C1QB",24.6174813086617,0.397209915006112,0.00334414331554425,0.695581809633203,0.0145092669658291,19,40
"NID1_P14543","P14543","NID1",18.4102112479544,0.507445562424842,0.00354861367537786,0.734563030803218,0.0151520171218515,19,40
"HPX_P02790","P02790","HPX",28.9396860092036,-0.256239763752741,0.00380151297128482,0.783111672084673,0.0159782342074315,19,40
"RNASE4_P34096","P34096","RNASE4",17.9574252087302,0.315080041409324,0.00491430468331726,1,0.0203376609201899,19,39
"AGT_P01019","P01019","AGT",23.2065400096875,0.54080108665484,0.00527561157535268,1,0.0215021138449981,19,40
"PROS1_P07225","P07225","PROS1",24.002475507891,-0.261292349381428,0.00589207582204497,1,0.0236562447183597,19,40
"APOH_P02749","P02749","APOH",26.2352676418685,-0.377865849471274,0.00603205628146596,1,0.0238621049957992,19,40
"BTD_P43251;P43251-2;P43251-3;P43251-4","P43251;P43251-2;P43251-3;P43251-4","BTD",21.437857873361,-0.285677842624238,0.00624021569329956,1,0.0243277974130084,19,40
"LILRA3_Q8N6C8;Q8N6C8-3","Q8N6C8;Q8N6C8-3","LILRA3",19.186891224754,0.778186911147033,0.00663892249076602,1,0.0255124307145151,19,40
"PPIA_P62937","P62937","PPIA",20.1308710581035,-0.948968763316124,0.00706838713347876,1,0.0267802273085322,18,38
"TF_P02787","P02787","TF",29.9032217985009,-0.395788500731595,0.00745442707302844,1,0.027850567814509,19,40
"LCP1_P13796","P13796","LCP1",20.5611769649469,0.549904483469335,0.00785912668975835,1,0.0283727051837783,19,40
"SERPINA1_P01009","P01009","SERPINA1",29.1945828096202,0.458125989050821,0.00790773597471001,1,0.0283727051837783,19,40
"VTN_P04004","P04004","VTN",26.7410119599061,-0.220779369483567,0.00791060553451067,1,0.0283727051837783,19,40
"ORM1_P02763","P02763","ORM1",26.2639431958214,0.634070389888943,0.00811019531627147,1,0.0287058228957503,19,40
"CORO1A_P31146","P31146","CORO1A",19.0248833095244,-0.898934434119932,0.00854624510897002,1,0.0298563627832849,17,39
"PROZ_P22891;P22891-2","P22891;P22891-2","PROZ",20.8537586615628,-0.53163682721203,0.00877367842575951,1,0.030167126087682,19,40
"CD44_P16070;P16070-10;P16070-11;P16070-12;P16070-13;P16070-14;P16070-16;P16070-17;P16070-18;P16070-3;P16070-4;P16070-5;P16070-6;P16070-7;P16070-8","P16070;P16070-10;P16070-11;P16070-12;P16070-13;P16070-14;P16070-16;P16070-17;P16070-18;P16070-3;P16070-4;P16070-5;P16070-6;P16070-7;P16070-8","CD44",19.0453912366164,0.373562216725523,0.00885949056106647,1,0.030167126087682,19,39
"PON3_Q15166","Q15166","PON3",22.5387737531323,-0.621042599078687,0.00927066791793947,1,0.0311726208740715,18,40
"APOE_P02649","P02649","APOE",25.9573246543935,0.28647044744343,0.00955027250754036,1,0.0317163370929427,19,40
"C8G_P07360","P07360","C8G",23.091600326581,-0.334394447201429,0.0100074378521787,1,0.0328292778321472,19,40
"LYZ_P61626","P61626","LYZ",21.9709375372313,-0.496957404391953,0.0103090626163681,1,0.0334112993229278,19,40
"B4GALT1_P15291;P15291-2","P15291;P15291-2","B4GALT1",16.9444238873408,0.493658026463619,0.011249943239946,1,0.0356887733720703,18,35
"IGF2_P01344-3","P01344-3","IGF2",19.5669621958396,-0.600232817721156,0.0112771216974943,1,0.0356887733720703,17,40
"SERPINA4_P29622","P29622","SERPINA4",22.5755439786448,-0.45972875170861,0.011661555139915,1,0.0364762596818273,19,40
"CRTAC1_Q9NQ79;Q9NQ79-2","Q9NQ79;Q9NQ79-2","CRTAC1",19.7249841766559,-0.387902115010141,0.0123438055318919,1,0.0381664791733211,19,40
"F2_P00734","P00734","F2",25.8541112921714,-0.2444465626105,0.0133878894848228,1,0.040641879174682,19,40
"APOL1_O14791;O14791-2","O14791;O14791-2","APOL1",23.7176623652932,-0.354309955436266,0.0134465696897647,1,0.040641879174682,19,40
"SAA4_P35542","P35542","SAA4",25.1240178900642,-0.388287221953511,0.0150629864494524,1,0.0450215928322522,19,40
"PCSK9_Q8NBP7","Q8NBP7","PCSK9",18.409124633672,0.399197798374776,0.0161855021348965,1,0.0470530788899221,18,35
"SHBG_P04278","P04278","SHBG",21.2835776941111,-0.776966511864198,0.01626201887168,1,0.0470530788899221,19,40
"ADAMTS13_Q76LX8-2","Q76LX8-2","ADAMTS13",18.1395179225024,-0.394989845386098,0.0162674213262556,1,0.0470530788899221,14,39
"F12_P00748","P00748","F12",23.5970402491272,-0.403971736253262,0.0186353025728861,1,0.0528829609989475,19,40
"SERPINB1_P30740","P30740","SERPINB1",19.1471298109345,-0.854341630276053,0.018676138642751,1,0.0528829609989475,15,35
"PROC_P04070;P04070-2","P04070;P04070-2","PROC",20.1654937062808,-0.333280479177487,0.0198612635337418,1,0.0552353077812972,19,40
"PDIA3_P30101","P30101","PDIA3",18.4933559653498,-0.477174803967887,0.0199175645159324,1,0.0552353077812972,18,37
"C4A_P0C0L4","P0C0L4","C4A",26.4249586036372,-0.365566881727169,0.0201934010650803,1,0.0554288253725164,19,40
"ALDOB_P05062","P05062","ALDOB",18.759359809205,1.05365532458911,0.0221393238146827,1,0.060156344506562,18,35
"VNN1_O95497","O95497","VNN1",19.2868434698716,-0.639236202505141,0.022723910445017,1,0.0611273190970958,15,37
"LTF_P02788","P02788","LTF",22.0952632070997,-0.922014214247775,0.0241691509754152,1,0.0643713030929376,19,40
"TPI1_P60174;P60174-3","P60174;P60174-3","TPI1",19.1211051054458,-0.752447238432252,0.0247300734588207,1,0.0652195074551251,16,38
"SLC4A1_P02730","P02730","SLC4A1",20.2954641937378,-1.28271807077858,0.0254532340104313,1,0.0656652526107616,16,36
"PCYOX1_Q9UHG3","Q9UHG3","PCYOX1",20.9511080493032,-0.347761851083472,0.025611549855352,1,0.0656652526107616,19,39
"CFB_P00751","P00751","CFB",26.4471619268046,-0.292761040632382,0.0256314183053159,1,0.0656652526107616,19,40
"CLEC3B_P05452","P05452","CLEC3B",21.6839485659993,-0.287469422892783,0.0260482203070737,1,0.0661035024773851,19,40
"PKM_P14618","P14618","PKM",20.1161074676672,-0.583123034464062,0.0285753510400359,1,0.0718389666333614,19,40
"CFI_P05156","P05156","CFI",24.6824421420293,-0.222191692791305,0.0289105319952134,1,0.0720086398769667,19,40
"ORM2_P19652","P19652","ORM2",24.663161159625,0.427336268886372,0.0300347407574473,1,0.0741224336124159,19,40
"C1QC_P02747","P02747","C1QC",25.4279018120055,0.285304190827712,0.0307493088163753,1,0.0751960370145904,19,40
"TGFBI_Q15582","Q15582","TGFBI",21.2648508681986,0.251404673823967,0.0318369705499292,1,0.0771544601615401,19,40
"ENO1_P06733","P06733","ENO1",20.1063366252376,-0.660293557472383,0.0328444321989515,1,0.0788852880492674,18,40
"MAN1A1_P33908","P33908","MAN1A1",20.0879344239748,0.240214120807202,0.0352151624688581,1,0.0835718406447011,18,40
"HABP2_Q14520;Q14520-2","Q14520;Q14520-2","HABP2",23.0832098308738,-0.211422042255648,0.0354170625780518,1,0.0835718406447011,19,40
"ITIH3_Q06033;Q06033-2","Q06033;Q06033-2","ITIH3",24.136031094179,0.373134183415601,0.0370665372985179,1,0.086703465506968,19,40
"CFHR1_Q03591","Q03591","CFHR1",23.2995077345334,-0.339369904259082,0.0386271178160986,1,0.0890581561960615,18,39
"NRP1_O14786","O14786","NRP1",18.6809104899757,0.291204869461009,0.0387353318770974,1,0.0890581561960615,19,36
"SELENOP_P49908","P49908","SELENOP",22.5464556965663,-0.337386110332457,0.0391379462891739,1,0.0892212504388795,19,40
"HSPG2_P98160","P98160","HSPG2",18.6451455724864,0.216147221452572,0.0401199132823183,1,0.0906912325457447,19,40
"CPN2_P22792","P22792","CPN2",23.774653413299,0.17666841448623,0.0431002015807076,1,0.0966162852100862,19,40
"CTBS_Q01459","Q01459","CTBS",19.150718409251,-0.338982117551601,0.0438199544974432,1,0.0974179153703488,15,38
"PRG4_Q92954-3","Q92954-3","PRG4",20.8032978217929,0.325824966082614,0.0462297110260854,1,0.101932723491942,19,40
"CPB2_Q96IY4","Q96IY4","CPB2",22.2260280590184,-0.277687261551687,0.0469684586692523,1,0.102719637252267,19,40
"LCN2_P80188","P80188","LCN2",19.5883627655086,-0.616578964408373,0.0496914865993138,1,0.107798466896898,19,36
"PGK1_P00558","P00558","PGK1",19.0213528828913,-0.667254362345416,0.0503124963782687,1,0.108272492206034,16,38
"PIGR_P01833","P01833","PIGR",20.8080928462639,0.476434364709302,0.0507745005360501,1,0.108399528922202,19,40
"LCAT_P04180","P04180","LCAT",19.4861166234206,-0.378372319230813,0.0518437275892529,1,0.109296403451473,18,40
"IL1RAP_Q9NPH3;Q9NPH3-2;Q9NPH3-5","Q9NPH3;Q9NPH3-2;Q9NPH3-5","IL1RAP",19.4410679288144,-0.257928146862937,0.0520072105642697,1,0.109296403451473,17,39
"C3_P01024","P01024","C3",28.6229955750086,-0.201202474984539,0.0567332346107029,1,0.118304186901388,19,40
"GGH_Q92820","Q92820","GGH",19.114141273495,-0.396646209112047,0.0592387891225159,1,0.122578725184283,14,38
"TFRC_P02786","P02786","TFRC",20.1159082234787,-0.266257367810414,0.0601754103934875,1,0.123566300731665,19,40
"MST1_P26927","P26927","MST1",21.5513627733548,-0.269295250755355,0.0627010551742435,1,0.127370220788263,19,40
"CA2_P00918","P00918","CA2",20.6749094764481,-0.890322805850344,0.0629748675272826,1,0.127370220788263,19,38
"LRG1_P02750","P02750","LRG1",21.6934489247463,0.569384236396873,0.0640729087971812,1,0.128623973630162,19,40
"RBP4_P02753","P02753","RBP4",24.0623720385392,-0.420220697693311,0.0664630994126315,1,0.132433879570355,19,40
"HGFAC_Q04756","Q04756","HGFAC",21.3755066643561,-0.278934197725466,0.067520752701819,1,0.133552077035215,19,40
"GSR_P00390;P00390-2;P00390-3","P00390;P00390-2;P00390-3","GSR",18.1917906822782,0.271416434235024,0.0689654869328708,1,0.135413985291549,18,40
"CHL1_O00533;O00533-2","O00533;O00533-2","CHL1",18.6479208135551,-0.292263258757327,0.0708672709532401,1,0.137526850301327,18,36
"CFP_P27918","P27918","CFP",22.2863979980431,-0.260061118637658,0.0716361379045063,1,0.137526850301327,19,40
"LPA_P08519","P08519","LPA",21.9416737786515,-1.09564829845511,0.0720051333281464,1,0.137526850301327,17,40
"MSN_P26038","P26038","MSN",19.8208588945861,-0.46455755818604,0.0720865646560861,1,0.137526850301327,19,39
"C1QA_P02745","P02745","C1QA",25.1990969706839,0.236223747475728,0.0745768294210473,1,0.141275824748322,19,40
"LGALS3BP_Q08380","Q08380","LGALS3BP",22.3233520251438,-0.422662780864165,0.0767317421605431,1,0.144341528959343,19,40
"APOA4_P06727","P06727","APOA4",24.098665540117,-0.483348737858512,0.0783445266641664,1,0.146351928282366,19,40
"CTSD_P07339","P07339","CTSD",18.6599312679163,0.41145510457167,0.0788896716835912,1,0.146353942640593,19,40
"LUM_P51884","P51884","LUM",21.3743000868932,-0.406449909049763,0.0794628302411706,1,0.146407543389554,18,40
"HSP90B1_P14625","P14625","HSP90B1",19.3175358184437,0.277479979384826,0.0813003292397685,1,0.148774071874134,19,40
"PCOLCE_Q15113","Q15113","PCOLCE",18.8259571658922,-0.266696344817444,0.0848622032269486,1,0.154242788297629,18,40
"NCAM1_P13591","P13591","NCAM1",19.3164671223646,-0.24465995018049,0.0895382317928372,1,0.16164955941123,19,38
"F9_P00740","P00740","F9",22.0965774182512,0.173183961367027,0.0912753105733683,1,0.163687056961574,19,40
"CNDP1_Q96KN2","Q96KN2","CNDP1",19.3500714473311,0.695728269831867,0.0925324979028332,1,0.164842661826902,16,37
"F5_P12259","P12259","F5",20.7860039927352,0.194601651842313,0.0942050027002232,1,0.166718063989211,19,40
"C4BPB_P20851;P20851-2","P20851;P20851-2","C4BPB",22.5584973801284,-0.213225057036513,0.0981331292795363,1,0.172534717491472,19,40
"COMP_P49747","P49747","COMP",19.1535306501037,0.329387053423444,0.112767154753497,1,0.196976393692797,19,40
"RARRES2_Q99969","Q99969","RARRES2",18.4476940313368,-0.265162779141353,0.120103017150493,1,0.208436849119242,15,36
"GAPDH_P04406","P04406","GAPDH",21.3467480591024,-0.426240580572166,0.149880560503851,1,0.258447889586769,19,40
"DPP4_P27487","P27487","DPP4",18.9171740885203,-0.24229073579916,0.160589322257377,1,0.273978233965977,18,39
"EEF1A2_Q05639","Q05639","EEF1A2",21.1493215815745,-0.410505576655092,0.160924018463288,1,0.273978233965977,17,39
"ITIH4_Q14624","Q14624","ITIH4",26.4856609243822,0.154309073832973,0.174627837129513,1,0.295439548351189,19,40
"CFHR3_Q02985","Q02985","CFHR3",18.6362767629192,0.416387345488936,0.184544127219172,1,0.308303616921856,18,38
"C4BPA_P04003","P04003","C4BPA",26.3777999772874,-0.140441443628904,0.184859463506158,1,0.308303616921856,19,40
"HSPD1_P10809","P10809","HSPD1",18.4845392799078,-0.273580598544387,0.185669836213162,1,0.308303616921856,16,35
"CLU_P10909-6","P10909-6","CLU",25.1906390145268,-0.16015171713151,0.191468583739275,1,0.315981895864202,19,40
"EFEMP1_Q12805;Q12805-2;Q12805-3;Q12805-4","Q12805;Q12805-2;Q12805-3;Q12805-4","EFEMP1",20.7593463426541,0.1658985252264,0.193200968870879,1,0.316896711135771,19,40
"TTR_P02766","P02766","TTR",24.3961053192839,-0.311303767029564,0.196002610825555,1,0.319543650376207,19,40
"AZGP1_P25311","P25311","AZGP1",23.4966240956254,0.227549775465086,0.200859609226558,1,0.3254893667587,19,40
"APOC4_P55056","P55056","APOC4",19.3532668242672,-0.293934764525093,0.208879885061305,1,0.335774652110513,19,39
"PLTP_P55058","P55058","PLTP",21.3099178967476,0.195176777335409,0.209785103988902,1,0.335774652110513,19,40
"TNXB_P22105;P22105-1","P22105;P22105-1","TNXB",19.8157077374118,0.194849339749724,0.21095136136311,1,0.335774652110513,19,39
"C7_P10643","P10643","C7",23.8385093945537,-0.103188609499494,0.21637691034559,1,0.342384640488022,19,40
"C1R_A0A3B3ISR2;B4DPQ0;F5H2D0","A0A3B3ISR2;B4DPQ0;F5H2D0","C1R",22.23851953957,-0.176664689323404,0.219211963500688,1,0.344842211588801,19,40
"COLEC10_Q9Y6Z7","Q9Y6Z7","COLEC10",18.8718354177416,-0.125166315275134,0.224506237089317,1,0.349801244017738,18,38
"FGL1_Q08830","Q08830","FGL1",20.1418197571771,0.437348189846437,0.226896859647473,1,0.349801244017738,19,37
"PLXDC2_Q6UX71","Q6UX71","PLXDC2",18.5264304957994,0.167744819898935,0.226920701024179,1,0.349801244017738,18,35
"FGG_P02679;P02679-2","P02679;P02679-2","FGG",28.4735428456271,0.774691838072587,0.227565865067302,1,0.349801244017738,19,40
"LAMP2_P13473;P13473-2;P13473-3","P13473;P13473-2;P13473-3","LAMP2",19.4866027970543,-0.127942769948776,0.233553914547239,1,0.354973844391172,19,39
"FGA_P02671","P02671","FGA",28.8218312330771,0.581108852786762,0.233570150398653,1,0.354973844391172,19,40
"FGB_P02675","P02675","FGB",29.0292131643022,0.726740937846913,0.245294606495936,1,0.370698028918016,19,40
"HBB_P68871","P68871","HBB",24.1962715337951,-0.580923801215038,0.249359684771725,1,0.371418467095262,19,40
"HBA1_P69905","P69905","HBA1",23.7254419623228,-0.556011887110054,0.251375181278794,1,0.371418467095262,19,40
"GLIPR2_Q9H4G4","Q9H4G4","GLIPR2",17.7876903065853,0.16941990357719,0.252287147409945,1,0.371418467095262,15,33
"PRDX2_P32119","P32119","PRDX2",21.7676491650796,-0.527818085133647,0.25269629933398,1,0.371418467095262,18,40
"CFD_P00746","P00746","CFD",20.824289890445,-0.143490593982679,0.253839069225648,1,0.371418467095262,19,38
"COL6A3_P12111","P12111","COL6A3",18.5229585480423,0.171238563159016,0.25440937015334,1,0.371418467095262,19,39
"VCL_P18206;P18206-2","P18206;P18206-2","VCL",19.5830249143929,-0.341499824769637,0.255436492240236,1,0.371418467095262,19,40
"SELENBP1_Q13228-4","Q13228-4","SELENBP1",19.5022325849085,-0.436377566034292,0.263237160864052,1,0.380703205765753,16,34
"CFHR2_P36980;P36980-2","P36980;P36980-2","CFHR2",23.3851221664535,-0.155064446792936,0.267138555507551,1,0.384279526371825,19,40
"MMP9_P14780","P14780","MMP9",19.7231451939014,-0.38247638986725,0.272236898092986,1,0.389530455250071,18,39
"H6PD_O95479;O95479-2","O95479;O95479-2","H6PD",17.494223597193,0.139469603679347,0.274510721934781,1,0.390705736510349,18,37
"KRT6A_P02538","P02538","KRT6A",19.9078855046436,-0.424239591786225,0.288035171363674,1,0.407797163667517,19,38
"SERPINF1_P36955","P36955","SERPINF1",23.2317976052804,-0.0964923869938064,0.294562263774549,1,0.413359432627384,19,40
"SELL_P14151;P14151-2","P14151;P14151-2","SELL",21.2074550362969,-0.159746290238091,0.295037215853003,1,0.413359432627384,19,40
"HSPA8_P11142","P11142","HSPA8",19.3376938716252,-0.300991429557166,0.296786027797221,1,0.413655137188873,19,40
"ANG_P03950","P03950","ANG",19.5953989348004,-0.126781559482912,0.305749492326241,1,0.423951615648242,17,40
"MBL2_P11226","P11226","MBL2",20.3338958613427,-0.27051724123497,0.316819403115809,1,0.43704830481104,18,39
"PI16_Q6UXB8","Q6UXB8","PI16",18.473059587387,-0.344608464274563,0.338613010105994,1,0.464729080196492,14,35
"MASP2_O00187","O00187","MASP2",20.7000134605513,0.107781903426229,0.342970747597386,1,0.468320462455314,19,40
"TUBA1A_Q71U36;Q71U36-2","Q71U36;Q71U36-2","TUBA1A",20.1390962532804,-0.47249728683522,0.356434023419245,1,0.484246223736247,16,34
"ABI3BP_Q7Z7G0","Q7Z7G0","ABI3BP",18.2081431311712,0.123002167844689,0.361078526767986,1,0.488072929570569,17,35
"C4B_P0C0L5","P0C0L5","C4B",24.7306724990462,-0.14895837434178,0.362879501539456,1,0.488072929570569,19,40
"DEFA1_P59665","P59665","DEFA1",22.4244588912539,-0.383138342234208,0.366525494985646,1,0.489733708504504,19,40
"KRT16_P08779","P08779","KRT16",19.3467750936074,-0.366245186123639,0.367755424230148,1,0.489733708504504,18,37
"CD5L_O43866","O43866","CD5L",25.2987960243076,-0.147039810461674,0.39831711795431,1,0.527819235121721,19,40
"JCHAIN_P01591","P01591","JCHAIN",23.8380673843506,0.180492404134123,0.415519891980176,1,0.545509959978408,19,40
"APCS_P02743","P02743","APCS",24.884262367532,0.136500665239918,0.416044870094548,1,0.545509959978408,19,40
"PRG2_P13727","P13727","PRG2",19.3928335864177,-0.197148838073285,0.418519585710759,1,0.545509959978408,19,39
"ALDOA_P04075","P04075","ALDOA",20.350025449541,-0.205771241363441,0.419779039834685,1,0.545509959978408,19,40
"TKT_P29401;P29401-2","P29401;P29401-2","TKT",19.1654047676414,-0.206902575179019,0.428962930025552,1,0.554764558542661,19,40
"ACTB;ACTG1_P60709;P63261","P60709;P63261","ACTB;ACTG1",23.0216384461848,-0.223152040704983,0.471688760030802,1,0.60710180118797,19,40
"MMRN2_Q9H8L6","Q9H8L6","MMRN2",18.3962830517337,-0.121082344954616,0.475984480968672,1,0.609422019886119,18,39
"MCAM_P43121","P43121","MCAM",17.8650259260019,0.0810774771442077,0.478022476564949,1,0.609422019886119,18,36
"APMAP_Q9HDC9","Q9HDC9","APMAP",20.0516139630352,0.14660739419375,0.488698663667776,1,0.620094059087886,19,40
"KRT2_P35908","P35908","KRT2",22.9612107848219,-0.218371733674111,0.49798508558397,1,0.626628076023964,19,40
"PZP_P20742","P20742","PZP",20.134831460426,-0.337035799339076,0.500528768130342,1,0.626628076023964,14,36
"C1RL_Q9NZP8","Q9NZP8","C1RL",21.4833353575172,-0.0525120414415772,0.500836566338856,1,0.626628076023964,19,40
"TUBB_P07437","P07437","TUBB",19.9213880810592,-0.216487968519346,0.50747004571389,1,0.631988158782575,18,39
"MASP1_P48740","P48740","MASP1",21.2312204338124,0.0735190593378901,0.525825897059366,1,0.651830259488339,19,40
"HPR_P00739","P00739","HPR",23.45327316273,-0.1503491046073,0.52984332571818,1,0.653797498248579,19,40
"C1R_P00736","P00736","C1R",23.8770457658609,-0.0628000355697733,0.536357045293561,1,0.658227247646326,19,40
"FCN3_O75636","O75636","FCN3",22.9432547102951,-0.0932101740975428,0.53832711703417,1,0.658227247646326,19,40
"F7_P08709;P08709-2","P08709;P08709-2","F7",17.9767421738644,-0.0818919929714851,0.551063004556212,1,0.670750896948511,15,33
"CP_P00450","P00450","CP",26.7342268207171,-0.0627753497057084,0.565473049822435,1,0.685190317127185,19,40
"ATP5F1B_P06576","P06576","ATP5F1B",19.2373409603644,-0.23613917241384,0.570019964307963,1,0.687602557842341,14,34
"CPN1_P15169","P15169","CPN1",23.2711234998247,-0.0639726155423436,0.584841401110885,1,0.700726753766652,19,40
"FBLN1_P23142-4","P23142-4","FBLN1",20.8701083932261,-0.0843032073794449,0.586109738280657,1,0.700726753766652,19,40
"CA1_P00915","P00915","CA1",22.624309030853,-0.279553152810101,0.602097179551841,1,0.716655492475421,18,40
"CFHR5_Q9BXR6","Q9BXR6","CFHR5",22.6074481165243,0.121637879696041,0.620070826692982,1,0.734797587578908,19,40
"KRT10_P13645","P13645","KRT10",24.089697634988,-0.165509283006509,0.623100170593112,1,0.73514888548047,19,40
"SERPINF2_P08697","P08697","SERPINF2",24.2775175321195,0.0329213369856716,0.62968037168383,1,0.739668209532534,19,40
"APOB_P04114","P04114","APOB",26.3038375004088,-0.0495727589243412,0.63894614095456,1,0.747289182246855,19,40
"F13A1_P00488","P00488","F13A1",21.3293831995948,-0.104759391578785,0.643067035336237,1,0.748852954569038,19,40
"POSTN_Q15063-3","Q15063-3","POSTN",18.5844248206972,0.102852260158485,0.646309861587316,1,0.749238127520068,18,39
"DCD_P81605","P81605","DCD",18.4996568084584,0.160766750576541,0.648968340937457,1,0.749238127520068,16,38
"APOC3_P02656","P02656","APOC3",20.9162835370532,0.10462384047278,0.666908517777497,1,0.766659791804045,19,40
"C5_P01031","P01031","C5",24.9632065893723,0.0371386573606961,0.670806561649265,1,0.767859425887882,19,40
"FBLN1_P23142","P23142","FBLN1",22.8577274173337,-0.0609346895734929,0.67725702366174,1,0.77195821764834,19,40
"OLFM1_Q99784","Q99784","OLFM1",19.6062800642669,-0.0572582326697371,0.685788479641654,1,0.778384392504662,16,40
"MMP2_P08253","P08253","MMP2",19.1086684459581,0.0562121349417448,0.704633822242933,1,0.796413857913231,18,40
"CFHR4_Q92496;Q92496-2","Q92496;Q92496-2","CFHR4",21.3128147363889,0.0787248129684166,0.717074353833855,1,0.79907135122242,19,40
"CAT_P04040","P04040","CAT",20.1937577748065,0.119782170827077,0.717432696380903,1,0.79907135122242,19,40
"F10_P00742","P00742","F10",23.0836918661085,0.0339667570112396,0.718493610523532,1,0.79907135122242,19,40
"MPO_P05164;P05164-2;P05164-3","P05164;P05164-2;P05164-3","MPO",19.6396019302856,-0.13789071890984,0.718867163553255,1,0.79907135122242,18,38
"ENPP2_Q13822;Q13822-3","Q13822;Q13822-3","ENPP2",19.0368854985737,-0.0593303661187585,0.72456036490557,1,0.799103176322463,19,38
"SERPING1_P05155;P05155-3","P05155;P05155-3","SERPING1",26.7411753849334,0.030507165821578,0.724837081868703,1,0.799103176322463,19,40
"HLA-B_P01889","P01889","HLA-B",19.1663883366703,0.0877524707016261,0.732158026046502,1,0.803879628597996,18,38
"KRT1_P04264","P04264","KRT1",25.5978172472826,-0.101261158336666,0.737968840675387,1,0.8069659274052,19,40
"LDHB_P07195","P07195","LDHB",20.9768422059667,-0.0789706725158162,0.758215960725561,1,0.825749366134315,19,40
"TIMP1_P01033","P01033","TIMP1",18.965311125787,0.0575054457517703,0.767136895840526,1,0.826162695369602,19,37
"KRT9_P35527","P35527","KRT9",23.726752394668,0.0944381605837991,0.767314203505629,1,0.826162695369602,19,40
"CDH5_P33151","P33151","CDH5",20.2413134724332,0.0403840549659223,0.76780919644015,1,0.826162695369602,19,40
"KRT4_P19013","P19013","KRT4",21.2630699745388,0.0780633595255212,0.78285938311614,1,0.83900069345913,18,36
"KRT14_P02533","P02533","KRT14",21.4023486734548,-0.0830315917967916,0.788226478666388,1,0.840748855343981,19,40
"P4HB_P07237","P07237","P4HB",17.7633415024419,-0.0706861088928846,0.790741488483372,1,0.840748855343981,15,36
"HSPA5_P11021","P11021","HSPA5",20.0844754745159,0.0309377426962788,0.799366970190615,1,0.846573681028644,19,40
"KRT5_P13647","P13647","KRT5",21.3567942128052,-0.0686053736346404,0.809431594988556,1,0.853870976674202,19,40
"C9_P02748","P02748","C9",25.4877928236321,-0.0319256652886167,0.837101763531362,1,0.877272338728848,19,40
"HP_P00738","P00738","HP",30.6299646767019,-0.0906207348306297,0.838137513209345,1,0.877272338728848,19,40
"APOD_P05090","P05090","APOD",24.5951321507554,0.0274417475540885,0.848278761971668,1,0.8844456859317,19,40
"SERPINA10_Q9UK55","Q9UK55","SERPINA10",21.4574963337824,0.0181268922137357,0.857800844744607,1,0.89092056847992,19,40
"C2_P06681","P06681","C2",23.2903804948581,0.0177427549839907,0.862107885170684,1,0.891950081195824,19,40
"HRNR_Q86YZ3","Q86YZ3","HRNR",18.3898583330841,0.0459801890887284,0.870899110412747,1,0.897593336019268,19,39
"FCN2_Q15485","Q15485","FCN2",21.2449177884271,0.0231968914235696,0.893551759977312,1,0.91742528028205,19,40
"ITIH4_Q14624-2","Q14624-2","ITIH4",20.052460525811,0.0320433028621141,0.915479821868227,1,0.936365293089556,19,40
"C1S_P09871","P09871","C1S",24.774803026775,0.00756244994522427,0.931739919933512,1,0.949386509326192,19,40
"MINPP1_Q9UNW1","Q9UNW1","MINPP1",18.504315375887,0.00310376256993405,0.97009139462468,1,0.984734283600147,17,38
"PEPD_P12955","P12955","PEPD",19.4508831548289,-0.00373888496985417,0.976238882060382,1,0.98724909501595,19,39
"ANPEP_P15144","P15144","ANPEP",18.4336278917687,0.00357463605309638,0.981160729533453,1,0.988510248106737,19,40
"ADIPOQ_Q15848","Q15848","ADIPOQ",21.4802870222904,0.00365740715127601,0.987372656466122,1,0.988897180485092,19,40
"CD14_P08571","P08571","CD14",21.3417620133921,-0.00241741993719315,0.988897180485092,1,0.988897180485092,19,40
